<?xml version="1.0" encoding="UTF-8"?>
<!DOCTYPE mapper
  PUBLIC "-//mybatis.org//DTD Mapper 3.0//EN"
  "http://mybatis.org/dtd/mybatis-3-mapper.dtd">
  
 <mapper namespace="com.biz.memo.persistence.UserDao">
 
 	<select id="selectAll" resultType="UserDTO">
 		SELECT * FROM tbl_user
 	</select>
 	
 	<select id="userCount" resultType="Integer">
 		SELECT COUNT(*) FROM tbl_user
 	</select>
 	
 	<select id="findById" resultType="UserDTO">
 		SELECT * FROM tbl_user
 		WHERE U_ID = #{u_id}
 	</select>
 	
	<insert id="userInsert" parameterType="UserDTO">
		
		INSERT INTO tbl_user(
			U_ID,
			U_NICK,
			U_NAME,
			U_PASSWORD,
			U_TEL,
			U_GRADE
		)VALUES(
			#{u_id, jdbcType=VARCHAR}, 
			#{u_nick, jdbcType=VARCHAR},
			#{u_name, jdbcType=VARCHAR},
			#{u_password, jdbcType=VARCHAR},
			#{u_tel, jdbcType=VARCHAR},
			#{u_grade, jdbcType=VARCHAR}
		)
	
	</insert> 
 </mapper> 